Bluetooth Wireless Gaming Mouse. 2400 DPI. RGB Backlit. Rechargeable Cordless Computer Mouse for Laptop PC Mac Macbook Air/Pro iPad Chromebook Office Gamer - Orange,$22.98,https://m.media-amazon.com/images/I/61dFvXaAsKL._AC_UY218_.jpg
Computer Mouse Wireless. Silent Mouse with RGB Lights Dual Mode 2.4G Wireless & Bluetooth 5.1 2400 DPI USB-C Rechargeable. Compact Mouse for PC Laptop Desktop (Green),$15.99,https://m.media-amazon.com/images/I/61E2o4mO3pL._AC_UY218_.jpg
Wireless Gaming Mouse Bluetooth Mouse with 800mAh Rechargeable Battery. 3 Modes(BT5.0/3.0+2.4G). Side Buttons. Ergonomic RGB Light up Computer Mouse for Laptop/PC/iPad/Tablet/Mac/Office/Games - Black,$21.98,https://m.media-amazon.com/images/I/61ol+ECE3rL._AC_UY218_.jpg
VEGCOO Wireless Gaming Mouse. Silent Click Wireless Rechargeable Mouse with Colorful LED Lights and 3 Level DPI 400mah Lithium Battery for Laptop and Computer (C35 Black),$9.99,https://m.media-amazon.com/images/I/61ZSCf9llWL._AC_UY218_.jpg
VEGCOO Wireless Gaming Mouse. Silent Click Wireless Mouse. Rechargeable Computer Mice with Colorful RGB LED Lights and 2400/1600/1000 Adjustable DPI for Laptop and Desktop (C8 Black),$13.99,https://m.media-amazon.com/images/I/71i2bMXGeLS._AC_UY218_.jpg
AULA SC100 Silent Wireless Gaming Mouse Rechargeable. with Side Buttons. LED Backlit. DPI Adjustable. 2.4G Wireless Optical Computer Mice Punk Cool Mouse for Games/Work (Black),$18.89,https://m.media-amazon.com/images/I/61xz1nOnqxL._AC_UY218_.jpg
VEGCOO Wireless Gaming Mouse. Silent Wireless Mouse. Rechargeable Computer Mice with Colorful RGB LED Lights and 3-Level-Adjustable DPI. 6 Buttons Mouse with Side Buttons for Laptop and Desktop,$16.99,https://m.media-amazon.com/images/I/61mm+cq9adL._AC_UY218_.jpg
HXMJ Wired USB C Gaming Mice with USB Adapter.7 Colors Backlit for Apple MacBook.Computer or Laptops with Type C Port-Rubber Black,$16.99,https://m.media-amazon.com/images/I/61ToGpsxRTL._AC_UY218_.jpg
AULA Transparent Gaming Mouse. Programmable Silent Mouse for MacBook Air. 7200 DPI Wired PC Mouse. 12 RGB Backlit Wired Gaming Mouse. Wire Optical Computer Mice. Multi-Device Computer Mouse,$24.99,https://m.media-amazon.com/images/I/61QmkBiu8lL._AC_UY218_.jpg
AJ199 Wireless Gaming Custom Mouse.59g Ultra Lightweight[26K DPI Optical PAW3395 Sensor][1000Hz Polling Rate]Esports Wired USB C Weave Cable.Programmable TTC Glod Slient Click For PS4 PC FPS.MOBA-Blue,$59.99,https://m.media-amazon.com/images/I/51WRCQyZXmL._AC_UY218_.jpg
Wireless Mouse Pink Silence Detachable Buttons. Rechargeable Cute Ergonomic USB C Design for Left/Right Small Hands. Compatible with Laptops Mobile,$11.19,https://m.media-amazon.com/images/I/51E6S-pqQXL._AC_UY218_.jpg
Wireless Mouse.Rechargeable Mouse Wireless 2.4G USB(Battery Level Visible) Ergonomic Computer Mouse.3 Levels DPI.Silent Wireless Mice for Laptop PC Computer(Black),$12.99,https://m.media-amazon.com/images/I/51pn-LrKPjL._AC_UY218_.jpg
MG210 Wired Ergonomic Gaming Mouse. 3600 DPI. Lightweight. 6 Buttons. Anti-Skid Texture. 4-Colors LED Lighting. Precise Optical Sensor. PC/Mac,Null,https://m.media-amazon.com/images/I/61e4iPy1rgL._AC_UY218_.jpg
Cool Canvas Shoes Shape Ergonomic Design Rechargeable Wireless Mouse Slim Optical Mice with USB Receiver (Stored at Bottom of The Mouse) for PC. Laptop. Computer (Black),Null,https://m.media-amazon.com/images/I/61EsJIOftNL._AC_UY218_.jpg
Type-C Cable Mouse 800-3200 Dpi Wired Rgb Backlight Gaming Mice for Pro Chromebook Omen Laptop Pc,Null,https://m.media-amazon.com/images/I/51Q8eIk-aML._AC_UY218_.jpg
Wired USB Gaming Mice with Transparent Crystal Shell.Silent Click.RGB Backlit.7200 DPI-Black,Null,https://m.media-amazon.com/images/I/613MCeSB+cL._AC_UY218_.jpg
VEGCOO Wireless Gaming Mouse. Silent Click Wireless Rechargeable Mouse with Colorful LED Lights and 3 Level DPI 400mah Lithium Battery for Laptop and Computer (C35 Black),$9.99,https://m.media-amazon.com/images/I/61ZSCf9llWL._AC_UY218_.jpg
T-Wolf Q13 Wireless Gaming Mouse. Peripheral Ergonomic Silent RGB Backlit 6 Keys 2400 DPI Rechargeable Mice for PC Laptop Gamer Pro,Null,https://m.media-amazon.com/images/I/51rFLQbq2aL._AC_UY218_.jpg
PC Gaming Mice. Mute Wired Gaming Mouse for Office (White),Null,https://m.media-amazon.com/images/I/51NUICNzpdL._AC_UY218_.jpg
ColorClick RGB Gaming Mouse Wired - Durable USB Corded Coloured Laptop Mice with 7 Color Backlit. 4 Adjust DPI Up to 3200 for Gaming. Silent & Stable,Null,https://m.media-amazon.com/images/I/61nQUT7-vSL._AC_UY218_.jpg
Wired Gaming Mouse.Adjustable 3200 DPI Mechanical Mouse.Breathing LED Mute Mice for Laptop Computer Gamer,Null,https://m.media-amazon.com/images/I/61pXWHHt7EL._AC_UY218_.jpg
LeadsaiL Wireless Mouse for Laptop. 2.4GHz Silent USB Mouse. Slim Optical Mouse with 3 Buttons. 1600 DPI. for Windows 10/8/7/Mac/Macbook Pro/HP/Dell/Lenovo/Acer,$9.99,https://m.media-amazon.com/images/I/611L1U-XGQL._AC_UY218_.jpg
